{
  "config": {
    "model_name": "HuggingFaceTB/SmolLM2-1.7B",
    "batch_size": 2,
    "seq_len": 2048,
    "num_batches": 8,
    "sources": [
      "random_tokens",
      "fineweb",
      "wikipedia"
    ],
    "ks": [
      8,
      32
    ],
    "alphas": [
      0.5,
      0.25,
      0.125
    ],
    "cert_threshold": 0.05,
    "dtype": "bfloat16",
    "max_params": 60,
    "output": "results/phase1_validate_SmolLM2-1.7B.json"
  },
  "model_name": "HuggingFaceTB/SmolLM2-1.7B",
  "sources": {
    "random_tokens": {
      "summary": {
        "losses": [
          12.005321502685547,
          12.442919731140137,
          12.42712116241455,
          12.295519828796387,
          12.373034477233887,
          12.048087120056152,
          12.837632179260254,
          12.016681671142578
        ],
        "mean_loss": 12.305789709091187,
        "actual_data_type": "random",
        "per_config": {
          "k8_a0.5": {
            "pass_rate": 1.0,
            "mean_cert": 0.797243024239839,
            "mean_tau": 0.05144496230164687,
            "mean_omega": 0.8037481476863225,
            "total": 60
          },
          "k8_a0.25": {
            "pass_rate": 1.0,
            "mean_cert": 0.6744289395719568,
            "mean_tau": 0.05144496230164687,
            "mean_omega": 0.6011256580551465,
            "total": 60
          },
          "k8_a0.125": {
            "pass_rate": 1.0,
            "mean_cert": 0.5589901549774186,
            "mean_tau": 0.05144496230164687,
            "mean_omega": 0.442265409976244,
            "total": 60
          },
          "k32_a0.5": {
            "pass_rate": 1.0,
            "mean_cert": 0.7876433052604496,
            "mean_tau": 0.011192035639367777,
            "mean_omega": 0.6620084275801976,
            "total": 60
          },
          "k32_a0.25": {
            "pass_rate": 1.0,
            "mean_cert": 0.6129749302799357,
            "mean_tau": 0.011192035639367777,
            "mean_omega": 0.42036260416110355,
            "total": 60
          },
          "k32_a0.125": {
            "pass_rate": 1.0,
            "mean_cert": 0.45572643142134667,
            "mean_tau": 0.011192035639367777,
            "mean_omega": 0.2473617302874724,
            "total": 60
          }
        },
        "row_norm_spread": {
          "median": 18.643987798418177,
          "max": 129.3351426505298,
          "frac_gt_20": 0.45
        },
        "stable_rank": {
          "median": 1.1587676763116457,
          "min": 1.0049588813129742,
          "max": 1.4799299784118218
        }
      }
    },
    "fineweb": {
      "summary": {
        "losses": [
          2.784823179244995,
          2.3999457359313965,
          2.107668876647949,
          2.154132127761841,
          2.7791545391082764,
          2.4878032207489014,
          2.982029676437378,
          1.98386812210083
        ],
        "mean_loss": 2.459928184747696,
        "actual_data_type": "real",
        "per_config": {
          "k8_a0.5": {
            "pass_rate": 1.0,
            "mean_cert": 0.49304310899551784,
            "mean_tau": 0.20605238481199656,
            "mean_omega": 0.7782596270243327,
            "total": 60
          },
          "k8_a0.25": {
            "pass_rate": 1.0,
            "mean_cert": 0.3828686545984214,
            "mean_tau": 0.20605238481199656,
            "mean_omega": 0.5634408727288246,
            "total": 60
          },
          "k8_a0.125": {
            "pass_rate": 0.9666666666666667,
            "mean_cert": 0.28127793750206176,
            "mean_tau": 0.20605238481199656,
            "mean_omega": 0.40064889267086984,
            "total": 60
          },
          "k32_a0.5": {
            "pass_rate": 1.0,
            "mean_cert": 0.6786953049503419,
            "mean_tau": 0.05947674782173788,
            "mean_omega": 0.62194577952226,
            "total": 60
          },
          "k32_a0.25": {
            "pass_rate": 1.0,
            "mean_cert": 0.5019871654136014,
            "mean_tau": 0.05947674782173788,
            "mean_omega": 0.36893532102306686,
            "total": 60
          },
          "k32_a0.125": {
            "pass_rate": 1.0,
            "mean_cert": 0.3533981437273661,
            "mean_tau": 0.05947674782173788,
            "mean_omega": 0.206135135764877,
            "total": 60
          }
        },
        "row_norm_spread": {
          "median": 8.178121398804581,
          "max": 66.81894501186149,
          "frac_gt_20": 0.18333333333333332
        },
        "stable_rank": {
          "median": 2.6269255647035923,
          "min": 1.0145140258561516,
          "max": 21.349039244750696
        }
      }
    },
    "wikipedia": {
      "summary": {
        "losses": [
          2.024235725402832,
          1.871035099029541,
          1.4788662195205688,
          2.120795726776123,
          2.023395299911499,
          2.1177175045013428,
          2.124384641647339,
          1.652611494064331
        ],
        "mean_loss": 1.926630213856697,
        "actual_data_type": "real",
        "per_config": {
          "k8_a0.5": {
            "pass_rate": 1.0,
            "mean_cert": 0.5198347298359564,
            "mean_tau": 0.19371994178379165,
            "mean_omega": 0.7857839465141296,
            "total": 60
          },
          "k8_a0.25": {
            "pass_rate": 1.0,
            "mean_cert": 0.4131734272277124,
            "mean_tau": 0.19371994178379165,
            "mean_omega": 0.579726064701875,
            "total": 60
          },
          "k8_a0.125": {
            "pass_rate": 1.0,
            "mean_cert": 0.31406646662417176,
            "mean_tau": 0.19371994178379165,
            "mean_omega": 0.421676821509997,
            "total": 60
          },
          "k32_a0.5": {
            "pass_rate": 1.0,
            "mean_cert": 0.6878726745947523,
            "mean_tau": 0.05761578124005994,
            "mean_omega": 0.6322972526152929,
            "total": 60
          },
          "k32_a0.25": {
            "pass_rate": 1.0,
            "mean_cert": 0.5135357318357702,
            "mean_tau": 0.05761578124005994,
            "mean_omega": 0.38170483509699504,
            "total": 60
          },
          "k32_a0.125": {
            "pass_rate": 1.0,
            "mean_cert": 0.36598925384231745,
            "mean_tau": 0.05761578124005994,
            "mean_omega": 0.21886487950881323,
            "total": 60
          }
        },
        "row_norm_spread": {
          "median": 10.711474588833706,
          "max": 60.38447964927626,
          "frac_gt_20": 0.26666666666666666
        },
        "stable_rank": {
          "median": 2.5311835030299945,
          "min": 1.0133359449137636,
          "max": 22.85133722004797
        }
      }
    }
  }
}